<wpml-config>
  <admin-texts>
    <key name="depilex_theme_options">
      <key name="last_tab"/>
      <key name="logo_url"/>
      <key name="depilex_favicon"/>
      <key name="logo_url_innerpage"/>
      <key name="custom_color"/>
      <key name="depilex_page_header_title"/>
      <key name="textarea_csscode"/>
      <key name="header_top_bar"/>
      <key name="depilex_opening_hours"/>
      <key name="depilex_appointment_label"/>
      <key name="depilex_appointment_url"/>
      <key name="depilex_email_title"/>
      <key name="depilex_phn_title"/>
      <key name="depilex_header_address_title"/>
      <key name="depilex_header_address_info"/>
      <key name="depilex_header_address_url"/>
      <key name="social_facebook"/>
      <key name="social_twitter"/>
      <key name="social_linkedin"/>
      <key name="social_googleplus"/>
      <key name="social_flickr"/>
      <key name="social_utube"/>
      <key name="depilex_fabout_title"/>
      <key name="depilex_about_info"/>
      <key name="depilex_fblog_title"/>
      <key name="depilex_flickr_id"/>
      <key name="depilex_fcontact_title"/>
      <key name="depilex_address_info"/>
      <key name="depilex_phn_number"/>
      <key name="depilex_email_id"/>
      <key name="depilex_cnletter_title"/>
      <key name="depilex_cnletter_text"/>
      <key name="copy_text"/>
      <key name="mailchimp_apikey"/>
      <key name="mailchimp_listid"/>
      <key name="ft_aweber_listid"/>
      <key name="aweber_redirectpage"/>
      <key name="aweber_redirectpage_old"/>
      <key name="depilex_preloader"/>
      <key name="depilex_page_header_img"/>
      <key name="depilex_readmore_label"/>
      <key name="depilex_footer_flickr"/>
      <key name="depilex_smooth_scroll"/>
      <key name="depilex_woocommerce_sidebar_switch"/>
    </key>
  </admin-texts>
</wpml-config>